main_content,context,outcome
"Our experiments showed that TAUT loss markedly delays the initiation of MLL-driven AML relative to the control (6.1-fold higher likelihood of survival; Fig. 3i–k). Slc6a6−/− KIT+ AML LSCs from established disease formed 2.9-fold fewer colonies compared with the controls (Fig. 3l), ... Consistent with a key role of TAUT expression in myeloid leukaemia initiation, TAUT loss in disease driven by AML-ETO9a resulted in a marked increase in survival (70%) relative to the controls (0%) (36.3-fold higher likelihood of survival; Fig. 3m,n). At the cellular level, TAUT loss led to a 2.4- to 3.6-fold reduction in primitive Lin−CD150−FLT3+SCA1+ LSCs6 (Fig. 3o). Furthermore, TAUT loss increased necrosis and theLin+ differentiated cells (Fig. 3p and Extended Data Fig. 6h) and promoted cell proliferation (Fig. 3q). ","It is well established in biology that observations like our experiments showed that taut loss markedly delays the initiation of mll-driven aml relative to the control (6.1-fold higher likelihood of survival; fig. 3i–k). slc6a6−/− kit+ aml lscs from established disease formed 2.9-fold fewer colonies compared with the controls (fig. 3l), ... consistent with a key role of taut expression in myeloid leukaemia initiation, taut loss in disease driven by aml-eto9a resulted in a marked increase in survival (70%) relative to the controls (0%) (36.3-fold higher likelihood of survival; fig. 3m,n). at the cellular level, taut loss led to a 2.4- to 3.6-fold reduction in primitive lin−cd150−flt3+sca1+ lscs6 (fig. 3o). furthermore, taut loss increased necrosis and thelin+ differentiated cells (fig. 3p and extended data fig. 6h) and promoted cell proliferation (fig. 3q).  can be interpreted using known molecular or cellular mechanisms and established scientific principles.","This suggests a biologically meaningful change or implication related to our experiments showed that taut loss markedly delays the initiation of mll-driven aml relative to the control (6.1-fold higher likelihood of survival; fig. 3i–k). slc6a6−/− kit+ aml lscs from established disease formed 2.9-fold fewer colonies compared with the controls (fig. 3l), ... consistent with a key role of taut expression in myeloid leukaemia initiation, taut loss in disease driven by aml-eto9a resulted in a marked increase in survival (70%) relative to the controls (0%) (36.3-fold higher likelihood of survival; fig. 3m,n). at the cellular level, taut loss led to a 2.4- to 3.6-fold reduction in primitive lin−cd150−flt3+sca1+ lscs6 (fig. 3o). furthermore, taut loss increased necrosis and thelin+ differentiated cells (fig. 3p and extended data fig. 6h) and promoted cell proliferation (fig. 3q). , indicating a potential underlying mechanism or state transition."
We next tested the impact of TAUT loss on normal haematopoiesis.,Established biological and experimental principles relevant to we next tested the impact of taut loss on normal haematopoiesis. suggest that appropriate model systems and molecular assays can be used to investigate the mechanism or hypothesis.,"Perform a targeted experimental assay such as gene expression analysis, perturbation (e.g., CRISPR or RNAi), or imaging to directly test we next tested the impact of taut loss on normal haematopoiesis.."
"Our analysis indicates that TAUT loss does not severely impact bone marrow cellularity, or the total numbers of HSCs, progenitors and differentiated cells at steady-state (Extended Data Fig. 7a–e). While TAUT loss did not impair initial HSC engraftment (1 month after transplant), donor chimerism dropped over time (Extended Data Fig.7f,g). Although overall bone marrow chimerism 4 months after transplant was 2.4-fold lower in Slc6a6−/− HSC recipients as compared to Slc6a6+/+ HSC recipients, these Slc6a6−/− HSCs were able to contribute to all haematopoietic lineages (Extended Data Fig.7h–k). Serial transplantation of Slc6a6+/+ and Slc6a6−/− bone marrow cells showed a similar loss in Slc6a6−/− engraftment over time (Extended Data Fig.7l–q). ","It is well established in biology that observations like our analysis indicates that taut loss does not severely impact bone marrow cellularity, or the total numbers of hscs, progenitors and differentiated cells at steady-state (extended data fig. 7a–e). while taut loss did not impair initial hsc engraftment (1 month after transplant), donor chimerism dropped over time (extended data fig.7f,g). although overall bone marrow chimerism 4 months after transplant was 2.4-fold lower in slc6a6−/− hsc recipients as compared to slc6a6+/+ hsc recipients, these slc6a6−/− hscs were able to contribute to all haematopoietic lineages (extended data fig.7h–k). serial transplantation of slc6a6+/+ and slc6a6−/− bone marrow cells showed a similar loss in slc6a6−/− engraftment over time (extended data fig.7l–q).  can be interpreted using known molecular or cellular mechanisms and established scientific principles.","This suggests a biologically meaningful change or implication related to our analysis indicates that taut loss does not severely impact bone marrow cellularity, or the total numbers of hscs, progenitors and differentiated cells at steady-state (extended data fig. 7a–e). while taut loss did not impair initial hsc engraftment (1 month after transplant), donor chimerism dropped over time (extended data fig.7f,g). although overall bone marrow chimerism 4 months after transplant was 2.4-fold lower in slc6a6−/− hsc recipients as compared to slc6a6+/+ hsc recipients, these slc6a6−/− hscs were able to contribute to all haematopoietic lineages (extended data fig.7h–k). serial transplantation of slc6a6+/+ and slc6a6−/− bone marrow cells showed a similar loss in slc6a6−/− engraftment over time (extended data fig.7l–q). , indicating a potential underlying mechanism or state transition."
"These results suggest that, while TAUT loss does not impair steady-state haematopoiesis, it can impact long-term HSC self-renewal and maintenance.","It is well established in biology that observations like these results suggest that, while taut loss does not impair steady-state haematopoiesis, it can impact long-term hsc self-renewal and maintenance. can be interpreted using known molecular or cellular mechanisms and established scientific principles.","This suggests a biologically meaningful change or implication related to these results suggest that, while taut loss does not impair steady-state haematopoiesis, it can impact long-term hsc self-renewal and maintenance., indicating a potential underlying mechanism or state transition."
It is therefore possible that non-genetic approaches using small-molecule inhibitors or gene silencing may identify a therapeutic window for TAUT targeting in human cells.,It is well established in biology that observations like it is therefore possible that non-genetic approaches using small-molecule inhibitors or gene silencing may identify a therapeutic window for taut targeting in human cells. can be interpreted using known molecular or cellular mechanisms and established scientific principles.,"This suggests a biologically meaningful change or implication related to it is therefore possible that non-genetic approaches using small-molecule inhibitors or gene silencing may identify a therapeutic window for taut targeting in human cells., indicating a potential underlying mechanism or state transition."
"Our analyses of available gene expression datasets indicate that SLC6A6 expression is enriched in leukaemia stem/progenitors as compared to more mature blasts (Extended Data Fig. 8a). While SLC6A6 is broadly expressed in AML irrespective of karyotype or FAB subtype (TCGA; Extended Data Fig.8b), increased expression correlates with venetoclax resistance (BEAT-AML; Fig. 4a). SLC6A6 expression is also enriched in reactive oxygen species (ROS)-low LSCs from human monocytic AMLs (subtype clinically associated with venetoclax resistance; CD45bright SSChighCD117−CD11b+CD68+) compared with primitive AML (Fig. 4b; CD45medSSClowCD117+CD11b−CD68−)32. We find increased SLC6A6 expression in leukaemia cells carrying RAS mutations as compared to wild-type cells, ... (Fig. 4c). SLC6A6 is also highly expressed in relapsed AML originating from stem/progenitor like cells compared with more committed populations34 (Extended Data Fig. 8c). ","It is well established in biology that observations like our analyses of available gene expression datasets indicate that slc6a6 expression is enriched in leukaemia stem/progenitors as compared to more mature blasts (extended data fig. 8a). while slc6a6 is broadly expressed in aml irrespective of karyotype or fab subtype (tcga; extended data fig.8b), increased expression correlates with venetoclax resistance (beat-aml; fig. 4a). slc6a6 expression is also enriched in reactive oxygen species (ros)-low lscs from human monocytic amls (subtype clinically associated with venetoclax resistance; cd45bright sschighcd117−cd11b+cd68+) compared with primitive aml (fig. 4b; cd45medssclowcd117+cd11b−cd68−)32. we find increased slc6a6 expression in leukaemia cells carrying ras mutations as compared to wild-type cells, ... (fig. 4c). slc6a6 is also highly expressed in relapsed aml originating from stem/progenitor like cells compared with more committed populations34 (extended data fig. 8c).  can be interpreted using known molecular or cellular mechanisms and established scientific principles.","This suggests a biologically meaningful change or implication related to our analyses of available gene expression datasets indicate that slc6a6 expression is enriched in leukaemia stem/progenitors as compared to more mature blasts (extended data fig. 8a). while slc6a6 is broadly expressed in aml irrespective of karyotype or fab subtype (tcga; extended data fig.8b), increased expression correlates with venetoclax resistance (beat-aml; fig. 4a). slc6a6 expression is also enriched in reactive oxygen species (ros)-low lscs from human monocytic amls (subtype clinically associated with venetoclax resistance; cd45bright sschighcd117−cd11b+cd68+) compared with primitive aml (fig. 4b; cd45medssclowcd117+cd11b−cd68−)32. we find increased slc6a6 expression in leukaemia cells carrying ras mutations as compared to wild-type cells, ... (fig. 4c). slc6a6 is also highly expressed in relapsed aml originating from stem/progenitor like cells compared with more committed populations34 (extended data fig. 8c). , indicating a potential underlying mechanism or state transition."
"To determine whether small-molecule inhibitors of TAUT can effectively block leukaemia growth,","Established biological and experimental principles relevant to to determine whether small-molecule inhibitors of taut can effectively block leukaemia growth, suggest that appropriate model systems and molecular assays can be used to investigate the mechanism or hypothesis.","Perform a targeted experimental assay such as gene expression analysis, perturbation (e.g., CRISPR or RNAi), or imaging to directly test to determine whether small-molecule inhibitors of taut can effectively block leukaemia growth,."
"TAG and GES treatment led to a substantial reduction in colonies formed by Slc6a6+/+ mouse LSCs but not Slc6a6−/− cells (Extended Data Fig.8f–h). Importantly, while TAG and GES impaired growth of primary human AML cells in colony assays by 1.8- to 20-fold, they did not impact normal human CD34+ HSPC colony growth (Fig. 4d,e). ... Our experiments showed that venetoclax reduced the viability of mouse Slc6a6−/− LSCs by 3.2-fold and lowered their colony formation by 13.2-fold as compared to the controls (Extended Data Fig.8i,j). While TAG, GES or venetoclax alone could impair mouse LSC colony formation by 1.4- to 3.9-fold, their combination was synergistic and led to 2.3- to 7.2-fold fewer colonies as compared to the controls (Extended Data Fig.8k–m). While primary human AML cells that were treated with GES, TAG or venetoclax alone formed 1.3- to 8.3-fold fewer colonies as compared to the controls, combining the treatments substantially impaired colony formation by 2.4- to 150-fold. ","It is well established in biology that observations like tag and ges treatment led to a substantial reduction in colonies formed by slc6a6+/+ mouse lscs but not slc6a6−/− cells (extended data fig.8f–h). importantly, while tag and ges impaired growth of primary human aml cells in colony assays by 1.8- to 20-fold, they did not impact normal human cd34+ hspc colony growth (fig. 4d,e). ... our experiments showed that venetoclax reduced the viability of mouse slc6a6−/− lscs by 3.2-fold and lowered their colony formation by 13.2-fold as compared to the controls (extended data fig.8i,j). while tag, ges or venetoclax alone could impair mouse lsc colony formation by 1.4- to 3.9-fold, their combination was synergistic and led to 2.3- to 7.2-fold fewer colonies as compared to the controls (extended data fig.8k–m). while primary human aml cells that were treated with ges, tag or venetoclax alone formed 1.3- to 8.3-fold fewer colonies as compared to the controls, combining the treatments substantially impaired colony formation by 2.4- to 150-fold.  can be interpreted using known molecular or cellular mechanisms and established scientific principles.","This suggests a biologically meaningful change or implication related to tag and ges treatment led to a substantial reduction in colonies formed by slc6a6+/+ mouse lscs but not slc6a6−/− cells (extended data fig.8f–h). importantly, while tag and ges impaired growth of primary human aml cells in colony assays by 1.8- to 20-fold, they did not impact normal human cd34+ hspc colony growth (fig. 4d,e). ... our experiments showed that venetoclax reduced the viability of mouse slc6a6−/− lscs by 3.2-fold and lowered their colony formation by 13.2-fold as compared to the controls (extended data fig.8i,j). while tag, ges or venetoclax alone could impair mouse lsc colony formation by 1.4- to 3.9-fold, their combination was synergistic and led to 2.3- to 7.2-fold fewer colonies as compared to the controls (extended data fig.8k–m). while primary human aml cells that were treated with ges, tag or venetoclax alone formed 1.3- to 8.3-fold fewer colonies as compared to the controls, combining the treatments substantially impaired colony formation by 2.4- to 150-fold. , indicating a potential underlying mechanism or state transition."
We next tested whether venetoclax can exacerbate the impact of TAUT loss and/or inhibition on LSC function.,Established biological and experimental principles relevant to we next tested whether venetoclax can exacerbate the impact of taut loss and/or inhibition on lsc function. suggest that appropriate model systems and molecular assays can be used to investigate the mechanism or hypothesis.,"Perform a targeted experimental assay such as gene expression analysis, perturbation (e.g., CRISPR or RNAi), or imaging to directly test we next tested whether venetoclax can exacerbate the impact of taut loss and/or inhibition on lsc function.."
"As TAG and GES did not effectively block taurine uptake in vivo (Extended Data Fig.9a–j),","It is well established in biology that observations like as tag and ges did not effectively block taurine uptake in vivo (extended data fig.9a–j), can be interpreted using known molecular or cellular mechanisms and established scientific principles.","This suggests a biologically meaningful change or implication related to as tag and ges did not effectively block taurine uptake in vivo (extended data fig.9a–j),, indicating a potential underlying mechanism or state transition."
to determine the impact of inhibiting TAUT expression on human AML growth.,Established biological and experimental principles relevant to to determine the impact of inhibiting taut expression on human aml growth. suggest that appropriate model systems and molecular assays can be used to investigate the mechanism or hypothesis.,"Perform a targeted experimental assay such as gene expression analysis, perturbation (e.g., CRISPR or RNAi), or imaging to directly test to determine the impact of inhibiting taut expression on human aml growth.."
"These data indicate that taurine inhibitors can synergize with venetoclax in blocking the growth of human AML cells (Fig. 4f–h). ... Knocking down SLC6A6 expression using two independent shRNAs significantly impaired taurine uptake by 2.2 to 3.4-fold, as well as the colony-forming ability of human bcCML, AML and MDS cell lines by 2- to 12-fold (Extended Data Fig. 9k–p). Our experiments showed that SLC6A6 knockdown in samples from patients with AML reduced their colony-forming ability by 2.33- to 9.12-fold as compared to the controls (Fig. 4i). By contrast, SLC6A6 knockdown did not impact colonies formed by normal human CD34+ HSPCs (Fig. 4j). Importantly, while SLC6A6 knockdown reduced the engraftment of primary AML cells by 1.2- to 40-fold in patient-derived xenograft models (Fig. 4k,l), it did not significantly impair engraftment of normal human CD34+ HSPCs in xenograft models (Fig. 4m). ","It is well established in biology that observations like these data indicate that taurine inhibitors can synergize with venetoclax in blocking the growth of human aml cells (fig. 4f–h). ... knocking down slc6a6 expression using two independent shrnas significantly impaired taurine uptake by 2.2 to 3.4-fold, as well as the colony-forming ability of human bccml, aml and mds cell lines by 2- to 12-fold (extended data fig. 9k–p). our experiments showed that slc6a6 knockdown in samples from patients with aml reduced their colony-forming ability by 2.33- to 9.12-fold as compared to the controls (fig. 4i). by contrast, slc6a6 knockdown did not impact colonies formed by normal human cd34+ hspcs (fig. 4j). importantly, while slc6a6 knockdown reduced the engraftment of primary aml cells by 1.2- to 40-fold in patient-derived xenograft models (fig. 4k,l), it did not significantly impair engraftment of normal human cd34+ hspcs in xenograft models (fig. 4m).  can be interpreted using known molecular or cellular mechanisms and established scientific principles.","This suggests a biologically meaningful change or implication related to these data indicate that taurine inhibitors can synergize with venetoclax in blocking the growth of human aml cells (fig. 4f–h). ... knocking down slc6a6 expression using two independent shrnas significantly impaired taurine uptake by 2.2 to 3.4-fold, as well as the colony-forming ability of human bccml, aml and mds cell lines by 2- to 12-fold (extended data fig. 9k–p). our experiments showed that slc6a6 knockdown in samples from patients with aml reduced their colony-forming ability by 2.33- to 9.12-fold as compared to the controls (fig. 4i). by contrast, slc6a6 knockdown did not impact colonies formed by normal human cd34+ hspcs (fig. 4j). importantly, while slc6a6 knockdown reduced the engraftment of primary aml cells by 1.2- to 40-fold in patient-derived xenograft models (fig. 4k,l), it did not significantly impair engraftment of normal human cd34+ hspcs in xenograft models (fig. 4m). , indicating a potential underlying mechanism or state transition."
"To establish the mechanisms by which taurine uptake in leukaemia cells promotes disease progression, ","Established biological and experimental principles relevant to to establish the mechanisms by which taurine uptake in leukaemia cells promotes disease progression,  suggest that appropriate model systems and molecular assays can be used to investigate the mechanism or hypothesis.","Perform a targeted experimental assay such as gene expression analysis, perturbation (e.g., CRISPR or RNAi), or imaging to directly test to establish the mechanisms by which taurine uptake in leukaemia cells promotes disease progression, ."
"Our untargeted metabolomic analysis of mouse LSCs identified significant downregulation of glycolysis/TCA related pathways and metabolites such as pyruvate, glyceraldehyde-3-phosphate and 3-phosphoglycerate in Slc6a6−/− cells, ... (Fig. 5a–c and Extended Data Fig. 10a). ","It is well established in biology that observations like our untargeted metabolomic analysis of mouse lscs identified significant downregulation of glycolysis/tca related pathways and metabolites such as pyruvate, glyceraldehyde-3-phosphate and 3-phosphoglycerate in slc6a6−/− cells, ... (fig. 5a–c and extended data fig. 10a).  can be interpreted using known molecular or cellular mechanisms and established scientific principles.","This suggests a biologically meaningful change or implication related to our untargeted metabolomic analysis of mouse lscs identified significant downregulation of glycolysis/tca related pathways and metabolites such as pyruvate, glyceraldehyde-3-phosphate and 3-phosphoglycerate in slc6a6−/− cells, ... (fig. 5a–c and extended data fig. 10a). , indicating a potential underlying mechanism or state transition."
"Consistent with this, we noted a 1.3- to 1.8-fold reduction in basal glycolysis, glycolytic capacity, maximal oxygen consumption and spare respiratory capacity in Slc6a6−/− LSCs as compared to the controls (Fig. 5d,e and Extended Data Fig.10b).","It is well established in biology that observations like consistent with this, we noted a 1.3- to 1.8-fold reduction in basal glycolysis, glycolytic capacity, maximal oxygen consumption and spare respiratory capacity in slc6a6−/− lscs as compared to the controls (fig. 5d,e and extended data fig.10b). can be interpreted using known molecular or cellular mechanisms and established scientific principles.","This suggests a biologically meaningful change or implication related to consistent with this, we noted a 1.3- to 1.8-fold reduction in basal glycolysis, glycolytic capacity, maximal oxygen consumption and spare respiratory capacity in slc6a6−/− lscs as compared to the controls (fig. 5d,e and extended data fig.10b)., indicating a potential underlying mechanism or state transition."
"To functionally test the role of glycolysis and TCA associated metabolites, ","Established biological and experimental principles relevant to to functionally test the role of glycolysis and tca associated metabolites,  suggest that appropriate model systems and molecular assays can be used to investigate the mechanism or hypothesis.","Perform a targeted experimental assay such as gene expression analysis, perturbation (e.g., CRISPR or RNAi), or imaging to directly test to functionally test the role of glycolysis and tca associated metabolites, ."
"Our experiments showed that the colony-forming ability of Slc6a6−/− LSCs could be significantly rescued by pyruvate, sodium acetate and lactate, but not glucagon (Fig. 5f and Extended Data Fig.10c–e). ","It is well established in biology that observations like our experiments showed that the colony-forming ability of slc6a6−/− lscs could be significantly rescued by pyruvate, sodium acetate and lactate, but not glucagon (fig. 5f and extended data fig.10c–e).  can be interpreted using known molecular or cellular mechanisms and established scientific principles.","This suggests a biologically meaningful change or implication related to our experiments showed that the colony-forming ability of slc6a6−/− lscs could be significantly rescued by pyruvate, sodium acetate and lactate, but not glucagon (fig. 5f and extended data fig.10c–e). , indicating a potential underlying mechanism or state transition."
We next tested whether taurine contributed to any cellular metabolite ,Established biological and experimental principles relevant to we next tested whether taurine contributed to any cellular metabolite  suggest that appropriate model systems and molecular assays can be used to investigate the mechanism or hypothesis.,"Perform a targeted experimental assay such as gene expression analysis, perturbation (e.g., CRISPR or RNAi), or imaging to directly test we next tested whether taurine contributed to any cellular metabolite ."
"Our untargeted metabolomic approach identified 13C label only in known taurine conjugates, N-acetyl taurine and glutaurine (Extended Data Fig.10f,g). Membrane-permeable taurine fully rescued colonies formed by Slc6a6−/− cells (Fig. 5g), and N-acetyl-taurine partly rescued this defect (Extended Data Fig.10h), ...  By contrast, glutaurine was unable to rescue the Slc6a6−/− colony formation (Extended Data Fig.10i). ","It is well established in biology that observations like our untargeted metabolomic approach identified 13c label only in known taurine conjugates, n-acetyl taurine and glutaurine (extended data fig.10f,g). membrane-permeable taurine fully rescued colonies formed by slc6a6−/− cells (fig. 5g), and n-acetyl-taurine partly rescued this defect (extended data fig.10h), ...  by contrast, glutaurine was unable to rescue the slc6a6−/− colony formation (extended data fig.10i).  can be interpreted using known molecular or cellular mechanisms and established scientific principles.","This suggests a biologically meaningful change or implication related to our untargeted metabolomic approach identified 13c label only in known taurine conjugates, n-acetyl taurine and glutaurine (extended data fig.10f,g). membrane-permeable taurine fully rescued colonies formed by slc6a6−/− cells (fig. 5g), and n-acetyl-taurine partly rescued this defect (extended data fig.10h), ...  by contrast, glutaurine was unable to rescue the slc6a6−/− colony formation (extended data fig.10i). , indicating a potential underlying mechanism or state transition."
"To identify signals downstream of taurine, ","Established biological and experimental principles relevant to to identify signals downstream of taurine,  suggest that appropriate model systems and molecular assays can be used to investigate the mechanism or hypothesis.","Perform a targeted experimental assay such as gene expression analysis, perturbation (e.g., CRISPR or RNAi), or imaging to directly test to identify signals downstream of taurine, ."
"The 932 downregulated genes primarily constituted pathways associated with glycolysis (Fig. 5i and Extended Data Fig.11b–d), ... (Fig. 5c).","It is well established in biology that observations like the 932 downregulated genes primarily constituted pathways associated with glycolysis (fig. 5i and extended data fig.11b–d), ... (fig. 5c). can be interpreted using known molecular or cellular mechanisms and established scientific principles.","This suggests a biologically meaningful change or implication related to the 932 downregulated genes primarily constituted pathways associated with glycolysis (fig. 5i and extended data fig.11b–d), ... (fig. 5c)., indicating a potential underlying mechanism or state transition."
"To determine effectors of glycolytic downregulation on TAUT loss, ","Established biological and experimental principles relevant to to determine effectors of glycolytic downregulation on taut loss,  suggest that appropriate model systems and molecular assays can be used to investigate the mechanism or hypothesis.","Perform a targeted experimental assay such as gene expression analysis, perturbation (e.g., CRISPR or RNAi), or imaging to directly test to determine effectors of glycolytic downregulation on taut loss, ."
This identified profound downregulation of oncogenic MYC and mTOR pathways (Fig. 5j and Extended Data Fig. 11c).,It is well established in biology that observations like this identified profound downregulation of oncogenic myc and mtor pathways (fig. 5j and extended data fig. 11c). can be interpreted using known molecular or cellular mechanisms and established scientific principles.,"This suggests a biologically meaningful change or implication related to this identified profound downregulation of oncogenic myc and mtor pathways (fig. 5j and extended data fig. 11c)., indicating a potential underlying mechanism or state transition."
"Western blot analysis showed that TAUT loss results in a 2.2- to 3-fold reduction in activated mTOR, p70S6k and pEIF4B as compared to the controls (Fig. 5k–m and Extended Data Fig. 11e). Our global phosphoproteome and total-proteome analyses also showed reduced expression of phosphorylated proteins associated with mTOR signalling, as well as 3.3-fold reduced BCL2 and 1.5-fold increased LC3A expression in the absence of TAUT (Extended Data Fig. 11f,g). Like TAUT loss, TAUT inhibition with TAG and GES downregulated glycolysis-related gene expression (Extended Data Fig.11h,i) and impaired phosphorylation of mTOR signalling (Extended Data Fig. 12a,b). Consistent with a direct impact of taurine on mTOR signalling, acute treatment in vitro and long-term taurine dosing in vivo could activate mTOR signalling (Extended Data Fig.12c–h). Inhibiting mTOR with rapamycin impaired the growth of wild-type cells but did not impact Slc6a6−/− cells in vitro or invivo (Fig. 5n and Extended Data Fig.12i,k). By contrast, mTOR activation with MHY148539 rescued the colony-forming ability of Slc6a6−/− LSCs to 60% of the control, and membrane-permeable taurine rescued mTOR activation (Fig. 5o and Extended Data Fig. 12j–l).","It is well established in biology that observations like western blot analysis showed that taut loss results in a 2.2- to 3-fold reduction in activated mtor, p70s6k and peif4b as compared to the controls (fig. 5k–m and extended data fig. 11e). our global phosphoproteome and total-proteome analyses also showed reduced expression of phosphorylated proteins associated with mtor signalling, as well as 3.3-fold reduced bcl2 and 1.5-fold increased lc3a expression in the absence of taut (extended data fig. 11f,g). like taut loss, taut inhibition with tag and ges downregulated glycolysis-related gene expression (extended data fig.11h,i) and impaired phosphorylation of mtor signalling (extended data fig. 12a,b). consistent with a direct impact of taurine on mtor signalling, acute treatment in vitro and long-term taurine dosing in vivo could activate mtor signalling (extended data fig.12c–h). inhibiting mtor with rapamycin impaired the growth of wild-type cells but did not impact slc6a6−/− cells in vitro or invivo (fig. 5n and extended data fig.12i,k). by contrast, mtor activation with mhy148539 rescued the colony-forming ability of slc6a6−/− lscs to 60% of the control, and membrane-permeable taurine rescued mtor activation (fig. 5o and extended data fig. 12j–l). can be interpreted using known molecular or cellular mechanisms and established scientific principles.","This suggests a biologically meaningful change or implication related to western blot analysis showed that taut loss results in a 2.2- to 3-fold reduction in activated mtor, p70s6k and peif4b as compared to the controls (fig. 5k–m and extended data fig. 11e). our global phosphoproteome and total-proteome analyses also showed reduced expression of phosphorylated proteins associated with mtor signalling, as well as 3.3-fold reduced bcl2 and 1.5-fold increased lc3a expression in the absence of taut (extended data fig. 11f,g). like taut loss, taut inhibition with tag and ges downregulated glycolysis-related gene expression (extended data fig.11h,i) and impaired phosphorylation of mtor signalling (extended data fig. 12a,b). consistent with a direct impact of taurine on mtor signalling, acute treatment in vitro and long-term taurine dosing in vivo could activate mtor signalling (extended data fig.12c–h). inhibiting mtor with rapamycin impaired the growth of wild-type cells but did not impact slc6a6−/− cells in vitro or invivo (fig. 5n and extended data fig.12i,k). by contrast, mtor activation with mhy148539 rescued the colony-forming ability of slc6a6−/− lscs to 60% of the control, and membrane-permeable taurine rescued mtor activation (fig. 5o and extended data fig. 12j–l)., indicating a potential underlying mechanism or state transition."
We hypothesized that taurine may activate mTOR by promoting its interaction with RAG GTPases.,Established biological and experimental principles relevant to we hypothesized that taurine may activate mtor by promoting its interaction with rag gtpases. suggest that appropriate model systems and molecular assays can be used to investigate the mechanism or hypothesis.,"Perform a targeted experimental assay such as gene expression analysis, perturbation (e.g., CRISPR or RNAi), or imaging to directly test we hypothesized that taurine may activate mtor by promoting its interaction with rag gtpases.."
"Our experiments showed that, while RHEB(Q64L) partially rescued Slc6a6−/− colony formation, this could be fully rescued by RAGA(Q66L) (Fig. 5p). Furthermore, mTOR phosphorylation in Slc6a6−/− cells could be rescued by RAGA(Q66L) (Extended Data Fig. 12m). ... Our immunofluorescence-based analysis showed that, at the baseline, Slc6a6−/− cells have 1.2-fold lower mTOR–LAMP1 interaction, which could be fully rescued by RAGA(Q66L). Taurine supplements increased mTOR–LAMP1 co-localization to levels seen in cells expressing RAGA(Q66L). However, this interaction could not be increased further by adding taurine to RAGA(Q66L)-expressing cells (Fig. 5r,s), ","It is well established in biology that observations like our experiments showed that, while rheb(q64l) partially rescued slc6a6−/− colony formation, this could be fully rescued by raga(q66l) (fig. 5p). furthermore, mtor phosphorylation in slc6a6−/− cells could be rescued by raga(q66l) (extended data fig. 12m). ... our immunofluorescence-based analysis showed that, at the baseline, slc6a6−/− cells have 1.2-fold lower mtor–lamp1 interaction, which could be fully rescued by raga(q66l). taurine supplements increased mtor–lamp1 co-localization to levels seen in cells expressing raga(q66l). however, this interaction could not be increased further by adding taurine to raga(q66l)-expressing cells (fig. 5r,s),  can be interpreted using known molecular or cellular mechanisms and established scientific principles.","This suggests a biologically meaningful change or implication related to our experiments showed that, while rheb(q64l) partially rescued slc6a6−/− colony formation, this could be fully rescued by raga(q66l) (fig. 5p). furthermore, mtor phosphorylation in slc6a6−/− cells could be rescued by raga(q66l) (extended data fig. 12m). ... our immunofluorescence-based analysis showed that, at the baseline, slc6a6−/− cells have 1.2-fold lower mtor–lamp1 interaction, which could be fully rescued by raga(q66l). taurine supplements increased mtor–lamp1 co-localization to levels seen in cells expressing raga(q66l). however, this interaction could not be increased further by adding taurine to raga(q66l)-expressing cells (fig. 5r,s), , indicating a potential underlying mechanism or state transition."
