"main_content","gpt_references","gpt_context","gpt_outcome"
"We analysed the genomic distribution of SVs and found it to be highly uneven, with significant enrichment in subtelomeric regions (two-sided Fisher exact test, P = 1.1 × 10−309). Although SNPs and indels are also enriched in these regions, the enrichment is much stronger for SVs. By computing structural diversity along the genome, we identified bursts of diversity that are often specific to a single SV type and defined 46 SV hotspots, including 21 translocation hotspots, nearly all in subtelomeric regions. Hotspots for PAVs, CNVs and inversions often mapped to TE-rich regions or gene families such as FLO, CUP1, HPF1, SPA2 and NUM1, and an inversion hotspot overlaps a region flanked by inverted repeats.","10.1038/nrg2468; 10.1126/science.1150395; 10.1371/journal.pgen.1000742","It is well established that subtelomeric regions are highly dynamic genomic compartments enriched for repetitive elements, transposable elements (TEs), and gene families involved in environmental adaptation, which promote structural variation through mechanisms such as non-allelic homologous recombination and break-induced replication. These regions exhibit elevated rates of duplications, deletions, and rearrangements compared to the genome core. Additionally, inverted repeats and TE-rich sequences are known to facilitate inversions and translocations by providing homologous substrates for recombination. Studies in yeast and other eukaryotes have consistently shown that SV hotspots frequently coincide with such repetitive architectures and adaptive gene clusters (e.g., FLO and CUP1 families).","The pronounced enrichment of SVs and SV hotspots in subtelomeric and repeat-rich regions suggests that local genome architecture actively drives structural diversification, leading to rapid and lineage-specific genome evolution. This indicates that SVs in these regions likely serve as a major source of adaptive variation, disproportionately contributing to phenotypic diversity by modulating copy number and arrangement of environmentally responsive genes."
"To generate datasets necessary to train a machine learning model to link protein sequence to function (PAM specificity),","10.1126/science.aao0027; 10.1038/nbt.3437; 10.1038/s41587-019-0197-4","High-throughput mutagenesis combined with functional screening is an established strategy to map sequence–function relationships in proteins. Deep mutational scanning allows systematic variation of amino acids followed by selection and sequencing to quantify functional outputs across thousands of variants. This approach has been successfully applied to CRISPR–Cas systems to profile PAM preferences and activity landscapes, generating large datasets suitable for machine learning applications. For example, saturation mutagenesis and PAM determination assays have been used to characterize Cas9 variants and their PAM compatibilities, providing quantitative mappings between sequence variation and DNA recognition. Such datasets are essential for training predictive models that infer protein function from sequence.","Construct a comprehensive library of SpCas9 PAM-interacting domain variants via saturation mutagenesis, express these variants in a bacterial or mammalian selection system coupled to a PAM reporter assay, and use high-throughput sequencing to quantify PAM preferences and editing activity for each variant to generate a large-scale sequence–function dataset."
"Interface cells downregulated MITF and SOX10 and upregulated SOX9. Classical melanocyte pigmentation genes were minimally expressed by interface cells relative to the tumour bulk, including MITF (log2 fold change (FC) = −5.19), TYRP1 (log2FC = −7.75) and PMEL (log2FC = −8.78). Unexpectedly, interface cells also upregulated genes involved in neuronal development, including SOX11 (log2FC = 5.15), NNAT (log2FC = 8.61), NEUROD1 (log2FC = 6.22) and NEFM (log2FC = 6.19). Gene set enrichment analysis (GSEA) revealed that transcriptional programs linked to cell fate specification and neuronal development were highly enriched in interface cells.","10.1016/j.cell.2018.02.034; 10.1038/nm.3397","It is well established that MITF and SOX10 are master regulators of melanocyte lineage identity and differentiation, and their downregulation is a hallmark of phenotype switching in melanoma toward a dedifferentiated, invasive state. Conversely, SOX9 and neural crest/neuronal lineage genes (such as SOX11 and NEUROD1) are associated with neural crest stem-like or mesenchymal-like programs, reflecting increased plasticity and invasiveness. This phenotype switching has been widely documented as a reversible transcriptional reprogramming process in melanoma linked to microenvironmental cues. (DOI: 10.1016/j.cell.2018.02.034; DOI: 10.1038/nm.3397)","Therefore, this suggests that interface cells have undergone a transcriptional reprogramming from a differentiated melanocytic state to a dedifferentiated, neural crest-like invasive phenotype, characterized by increased cellular plasticity and potential for migration and therapy resistance."
"Tumour cells invading into the TME showed elongated nuclei compared with the bulk tumour mass (Fig. 1j,k).","10.1016/j.cell.2013.01.010; 10.1038/nrm.2016.152","It is well established that nuclear deformation and elongation are hallmarks of cells experiencing mechanical confinement and migrating through dense extracellular matrices; such changes are associated with cytoskeletal remodeling and chromatin reorganization that facilitate invasive behavior. Studies have shown that elongated nuclei correlate with increased cell invasiveness and mechanotransduction signaling (e.g., via the LINC complex and actomyosin contractility), consistent with prior observations in confined cell migration and cancer invasion models.","Therefore, this suggests that melanoma cells invading the tumour microenvironment are undergoing mechanically induced nuclear remodeling, which likely contributes to chromatin reorganization and promotes a transition toward an invasive, migratory phenotype."
"we hypothesized that mechanical forces exerted on the cell/nucleus may cause stable changes in gene expression and tumour cell behaviour. To test this hypothesis,","10.1038/nature14511; 10.1126/science.aad8227; 10.1016/j.cell.2017.10.026","It is well established that mechanical forces from the microenvironment can influence nuclear architecture and gene expression through mechanotransduction pathways. For example, physical deformation of the nucleus has been shown to alter chromatin organization and accessibility, leading to persistent transcriptional changes. Studies using confined migration assays and engineered substrates have demonstrated that mechanical stress can induce epigenetic remodeling and stable phenotypic transitions in cancer cells. Additionally, prior work has shown that substrate stiffness and confinement can regulate YAP/TAZ signaling and chromatin state, linking physical cues to long-term cellular behavior. These findings support the concept that mechanical inputs can drive durable changes in gene expression programs in tumour cells.","culture melanoma cells in microfabricated confinement devices or dense extracellular matrix gels to impose controlled mechanical compression, followed by ATAC-seq and RNA-seq to assess changes in chromatin accessibility and gene expression, and validate phenotypic switching using invasion assays and immunostaining for proliferative versus invasive markers"
"These data indicate that confinement causes interface cells to adopt a neuronal identity.","10.1038/ncb1873; 10.1016/j.cell.2011.05.044; 10.1038/s41563-019-0367-9","Mechanical cues from the microenvironment, such as stiffness and spatial confinement, are known to regulate cell fate decisions through mechanotransduction pathways involving YAP/TAZ signaling and chromatin remodeling. For example, physical constraints can induce lineage specification, including neuronal differentiation, by altering nuclear architecture and epigenetic states (e.g., through lamina-associated domains and histone modifications). Studies have shown that reduced cytoskeletal tension and confined environments promote neurogenic programs via suppression of YAP/TAZ and activation of neuronal transcription factors.","Given that confinement alters mechanical signaling and chromatin accessibility, and since such conditions are known to favor neurogenic differentiation through mechanosensitive transcriptional regulation, we conclude that spatial confinement drives interface cells to undergo epigenetic reprogramming toward a neuronal-like identity via YAP/TAZ suppression and activation of neuronal gene expression programs."
"Confinement extensively remodelled the MT cytoskeleton; within 2–4 h, curved MTs began encircling the cell and nuclear periphery...We also observed loss of a central MT organizing centre with radial MTs.","10.1038/ncb3461; 10.1016/j.devcel.2016.09.012","It is well established that mechanical confinement and altered cell geometry can reorganize the microtubule (MT) cytoskeleton, leading to loss of a centralized microtubule-organizing center (MTOC) and the formation of non-radial, cortical MT arrays. Such reorganization is associated with increased cell polarity, nuclear deformation, and invasive migration programs. Studies have shown that confined environments promote perinuclear MT stabilization and redistribution, facilitating force transmission to the nucleus and driving phenotypic transitions linked to motility and invasion.","Therefore, this observation suggests that mechanical confinement induces a reprogramming of the cytoskeletal architecture toward a non-centrosomal, perinuclear MT organization, which likely enhances nuclear mechanotransduction and promotes a transition of melanoma cells into a more polarized and invasive phenotype."
"These results indicate that confined melanoma cells rapidly undergo structural changes in the MT cytoskeleton resembling neurons.","10.1038/nrm2595; 10.1038/ncb3628; 10.1016/j.devcel.2013.01.020","Microtubule (MT) cytoskeletal remodeling is a well-established driver of cell morphology and plasticity, particularly in processes such as neurite outgrowth where MT stabilization and reorganization generate elongated, polarized structures. Cancer cells, including melanoma, have been shown to repurpose cytoskeletal programs to adopt invasive phenotypes, and mechanical cues from the microenvironment can directly regulate cytoskeletal dynamics through mechanotransduction pathways (e.g., Rho GTPases, YAP/TAZ signaling). Previous studies demonstrate that physical confinement can induce nuclear deformation and cytoskeletal rearrangement, promoting invasive behavior and phenotypic switching. Additionally, parallels between neuronal differentiation and cancer cell plasticity have been observed, where MT-associated proteins such as MAP2 or Tau become upregulated in structurally remodeled cells. These findings suggest that confinement-induced MT reorganization in melanoma may mimic neuronal-like architecture, which can be quantitatively assessed using high-resolution imaging and molecular markers of MT stabilization. This rationale supports the use of imaging-based cytoskeletal analysis in confined cell systems such as microfluidic devices or 3D matrices. ","Culture melanoma cells in microfabricated confinement chambers or 3D collagen matrices of defined stiffness, then perform immunofluorescence staining for microtubule markers (e.g., α-tubulin, acetylated tubulin, MAP2) followed by confocal microscopy to assess structural MT reorganization and quantify neuron-like morphological features."
"We noticed that in confined cells, the hyperacetylated tubulin network was often perinuclear (Fig. 2f,g).","10.1038/nrm.2017.60; 10.1038/s41580-019-0166-3","It is well established that acetylation of α-tubulin stabilizes microtubules and promotes their resistance to mechanical stress, often leading to reorganization of the cytoskeleton around the nucleus under confined or high-strain conditions. Perinuclear microtubule accumulation has been linked to nuclear positioning, mechanotransduction, and protection of nuclear integrity during migration through tight spaces (e.g., Janke & Montagnac, 2017; Burute & Kapitein, 2019). Such cytoskeletal rearrangements are associated with invasive cell behavior and adaptation to physical constraints. doi:10.1038/nrm.2017.60; doi:10.1038/s41580-019-0166-3","Therefore, this suggests that mechanical confinement induces stabilization and spatial reorganization of microtubules around the nucleus, facilitating nuclear protection and mechanotransductive signaling that supports a transition toward an invasive, mechanically adapted melanoma cell state."
"However, most MTs in confined and unconfined A375 cells were highly tyrosinated... there was no specific enrichment of these PTMs in the perinuclear network, as observed for acetylated MTs. Similar results were observed for polyglutamylated MTs... No polyglycylated MTs were found in either condition.","10.1038/s41580-020-0213-3; 10.1083/jcb.105.1.265","It is well established that α-tubulin tyrosination is associated with dynamic, newly polymerized microtubules, whereas detyrosination and acetylation mark more stable, long-lived microtubule populations. Acetylated microtubules, in particular, are enriched in mechanically stressed or confined cellular regions and correlate with increased microtubule stability and resistance to deformation, while polyglutamylation can modulate motor protein interactions but is not necessarily linked to mechanical stabilization. (Janke & Magiera, 2020, DOI: 10.1038/s41580-020-0213-3; Webster et al., 1987, DOI: 10.1083/jcb.105.1.265).","The lack of enrichment of tyrosinated, detyrosinated, or polyglutamylated microtubules in the perinuclear region suggests that these post-translational modifications do not drive the mechanical adaptation of microtubules under confinement; instead, the selective enrichment of acetylated microtubules indicates that mechanical confinement specifically promotes the stabilization of a distinct microtubule subset to support nuclear-associated structural resilience."
"to determine whether the acetylated tubulin network influences HMGB2 upregulation.","10.1038/ncb3481; 10.1016/j.cell.2013.10.008","Microtubule acetylation is a well-characterized post-translational modification that stabilizes microtubules and influences intracellular trafficking, mechanotransduction, and gene expression. Studies have shown that increased levels of acetylated α-tubulin, mediated by enzymes such as αTAT1, can alter nuclear signaling pathways and transcriptional programs in cancer cells. Additionally, disruption of microtubule acetylation using pharmacological agents or genetic perturbation affects chromatin organization and transcription factor activity, suggesting a link between cytoskeletal state and gene regulation. HMGB2 is a chromatin-associated protein whose expression can be modulated by changes in nuclear architecture and mechanosensitive signaling pathways. Therefore, manipulating microtubule acetylation provides a feasible strategy to test its regulatory effect on HMGB2 expression.","Treat melanoma cells with tubacin (an HDAC6 inhibitor) to increase tubulin acetylation or use CRISPR-Cas9 to knock out αTAT1 to reduce acetylation, followed by quantification of HMGB2 mRNA and protein levels using qRT-PCR and Western blot analysis."
"To stabilize MTs independent of acetylation,","10.1126/science.1153968; 10.1016/j.cell.2010.10.027","Microtubule (MT) stability can be regulated independently of post-translational modifications such as α-tubulin acetylation. It is well established that small molecules like taxanes (e.g., paclitaxel) stabilize microtubules by directly binding to β-tubulin and suppressing dynamic instability, thereby increasing polymer mass regardless of acetylation status. Additionally, studies have shown that acetylation is more a consequence of microtubule longevity rather than a direct driver of stability, indicating that pharmacological stabilization can occur independently of acetylation pathways. This principle has been widely used to experimentally manipulate MT dynamics in cell biology.","Treat melanoma cells with paclitaxel to pharmacologically stabilize microtubules, followed by immunofluorescence staining using antibodies against acetylated α-tubulin and total α-tubulin to confirm stabilization independent of acetylation."
"Homer de novo motif analysis identified conserved transcription factor binding motifs enriched within the promoter of open chromatin regions upon HMGB2 overexpression (HMGB2OE). The top-ranked motif was an AP-1 motif (P = 1 × 10−49). Other highly ranked motifs included PRDM4 (P = 1 × 10−12) and SOX9 (P = 1 × 10−11).","10.1038/nrc.2017.68; 10.1016/j.ccell.2010.10.003","It is well established that increased chromatin accessibility at promoter regions enriched for specific transcription factor motifs reflects activation of corresponding transcriptional programs. In particular, AP-1 (Activator Protein-1) is a key regulator of invasion, stress response, and melanoma phenotype switching, while SOX9 is associated with neural crest-like, invasive states in melanoma. Enrichment of these motifs in open chromatin regions indicates recruitment of these transcription factors and activation of their downstream gene expression programs (DOI: 10.1038/nrc.2017.68; DOI: 10.1016/j.ccell.2010.10.003).","Therefore, HMGB2 overexpression promotes chromatin remodeling that selectively enhances accessibility at AP-1, SOX9, and PRDM4 target sites, indicating activation of transcriptional networks associated with invasive and phenotypically plastic melanoma states."
"To clarify potential HMGB2 targets","10.1038/nature11247; 10.1016/j.molcel.2012.07.018","High Mobility Group Box 2 (HMGB2) is a chromatin-associated protein known to bind DNA and regulate transcription by altering chromatin structure. Genome-wide mapping approaches such as chromatin immunoprecipitation followed by sequencing (ChIP-seq) have been widely used to identify DNA-binding sites of chromatin-associated proteins and transcriptional regulators. Previous studies have successfully applied ChIP-seq to map HMGB family protein binding and uncover their role in gene regulation and chromatin dynamics, establishing this as a reliable method to identify direct genomic targets.","Perform chromatin immunoprecipitation followed by high-throughput sequencing (ChIP-seq) using an HMGB2-specific antibody to identify genome-wide DNA binding sites and potential target genes."
"HMGB2 robustly bound the promoter of Notch signalling genes in both A375 and SKMEL5 melanoma cells, and Notch family genes were upregulated in interface and mechanically confined human melanoma cells.","10.1038/nrm2831; 10.1016/j.ccr.2010.01.008","HMGB2 is a chromatin-associated architectural protein known to regulate transcription by facilitating access of transcriptional machinery to gene promoters, and its binding is associated with gene activation (DOI: 10.1038/nrm2831). Additionally, activation of Notch signalling is well established to promote melanoma cell phenotype switching toward a more invasive, less proliferative state (DOI: 10.1016/j.ccr.2010.01.008).","Therefore, this suggests that mechanical confinement promotes HMGB2-mediated chromatin remodeling at Notch gene loci, leading to activation of Notch signalling and driving melanoma cells toward an invasive phenotypic state."
"Confined A375 cells downregulated many proliferation-related pathways. To visualize the influence of confinement on this trade-off,","10.1038/nrm2597; 10.1126/science.aaw6798; 10.1038/nmeth.1328","Mechanical cues from the microenvironment are known to regulate cancer cell fate decisions, including the balance between proliferation and invasion. Previous studies have shown that physical confinement can induce cytoskeletal remodeling and alter gene expression programs associated with proliferation and motility. For example, microfabricated devices and 3D matrices have been widely used to impose confinement and study cell migration and phenotypic transitions. Additionally, proliferation status can be monitored using established markers such as Ki-67 or cell cycle reporters like FUCCI, which allow visualization of cell cycle dynamics in live cells. These approaches have been successfully used to link mechanical stress to reduced proliferation and increased invasive behavior in cancer cells.","Culture A375 melanoma cells in microfabricated confinement chambers or dense 3D collagen matrices and perform live-cell imaging using a FUCCI cell cycle reporter system to visualize and quantify changes in proliferation dynamics under confined versus unconfined conditions."
"Unconfined cells rapidly displayed fragmented nuclear morphology and underwent apoptosis, whereas confined cells were almost completely resistant to Taxol-induced cell death.","10.1126/science.1015345; 10.1038/sj.onc.1208453; 10.1038/ncb2741","It is well established that nuclear fragmentation is a hallmark of apoptosis, particularly during mitotic catastrophe induced by microtubule-stabilizing agents such as Taxol (paclitaxel), which disrupt mitotic spindle dynamics and trigger cell death pathways (DOI: 10.1126/science.1015345; DOI: 10.1038/sj.onc.1208453). Additionally, emerging evidence shows that mechanical cues from the microenvironment, including physical confinement, can modulate cell survival pathways and confer resistance to apoptosis by altering cytoskeletal tension and chromatin organization (DOI: 10.1038/ncb2741).","Therefore, this suggests that mechanical confinement protects melanoma cells from Taxol-induced apoptosis by altering intracellular mechanotransduction pathways and chromatin states, enabling a survival phenotype that is resistant to mitotic stress and chemotherapeutic intervention."
"To define temporal changes in non-immune bone marrow micro-environment populations during myeloid leukaemia progression","10.1038/nature23965, 10.1016/j.cell.2019.01.004, 10.1038/s41590-020-0622-1","Single-cell RNA sequencing (scRNA-seq) is an established method for resolving cellular heterogeneity and tracking dynamic changes in tissue microenvironments over time. Previous studies have successfully applied scRNA-seq to map bone marrow niche composition and identify stromal and endothelial cell populations under both normal and diseased conditions. Additionally, longitudinal sampling combined with scRNA-seq enables reconstruction of temporal cellular trajectories during disease progression, including in haematological malignancies. These approaches provide high-resolution insights into how non-immune stromal compartments evolve and contribute to tumour development.","Perform longitudinal single-cell RNA sequencing on bone marrow samples collected at multiple defined time points during myeloid leukaemia progression, followed by computational clustering and trajectory analysis to identify and track changes in non-immune stromal cell populations."
"to identify ligands for these receptors","10.1038/s41596-020-0292-x; 10.1038/s41586-020-2184-3","Ligand–receptor pairing can be systematically inferred by integrating single-cell RNA sequencing (scRNA-seq) datasets with curated databases of known ligand–receptor interactions, followed by experimental validation. Prior studies have demonstrated that computational frameworks such as CellPhoneDB and similar interactome-based approaches can predict biologically relevant ligand–receptor interactions from transcriptomic data, which can then be validated using biochemical binding assays or co-culture systems. This approach is grounded in the principle that coordinated expression of ligands in microenvironmental cells and cognate receptors on target cells indicates functional signaling interactions. Such strategies have been successfully applied to map tumor microenvironment communication networks.","Perform computational ligand–receptor interaction analysis using scRNA-seq datasets (e.g., with CellPhoneDB or NicheNet) to predict candidate ligands, followed by experimental validation using co-culture assays and ligand-binding assays such as flow cytometry or surface plasmon resonance to confirm receptor–ligand interactions."
"Consistent with a functional role of taurine from the TME in leukaemia progression, taurine levels were 1.7-fold higher in leukaemic bone marrow interstitial fluid as compared to the controls (Fig. 2j).","10.1038/nature21362, 10.1016/j.cell.2016.01.049","It is well established that elevated concentrations of specific metabolites within the tumour microenvironment can fuel cancer cell metabolism and promote malignant progression by supporting bioenergetic and biosynthetic demands. In particular, metabolite enrichment in the bone marrow niche has been shown to enhance leukemic stem cell function and survival through metabolic reprogramming, including increased glycolysis and resistance to stress (e.g., DOI: 10.1038/nature21362, 10.1016/j.cell.2016.01.049).","The elevated taurine levels in the leukaemic bone marrow microenvironment suggest that taurine acts as a niche-derived metabolic support factor that enhances leukemic cell fitness, likely contributing to disease progression by promoting metabolic pathways such as glycolysis and sustaining leukemic stem cell activity."
"These results suggest that, while TAUT loss does not impair steady-state haematopoiesis, it can impact long-term HSC self-renewal and maintenance.","10.1038/nrm3622; 10.1016/j.cell.2017.04.018","It is well established that haematopoietic stem cell (HSC) maintenance and long-term self-renewal are more sensitive to metabolic and niche-derived signals than steady-state haematopoiesis, which can often be sustained by short-lived progenitors. Studies have shown that specific metabolic regulators and transporters are dispensable for immediate blood production but are critical for preserving HSC quiescence and long-term regenerative capacity (e.g., Ito and Suda, 2014; Cabezas-Wallscheid et al., 2017).","Therefore, this suggests that TAUT-mediated taurine uptake is not required for routine blood cell production but plays a crucial role in sustaining the metabolic state necessary for long-term HSC self-renewal and maintenance, potentially by supporting niche-dependent metabolic programs."
"Our analyses of available gene expression datasets indicate that SLC6A6 expression is enriched in leukaemia stem/progenitors as compared to more mature blasts. While SLC6A6 is broadly expressed in AML irrespective of karyotype or FAB subtype, increased expression correlates with venetoclax resistance. SLC6A6 expression is also enriched in reactive oxygen species (ROS)-low LSCs from human monocytic AMLs compared with primitive AML. We find increased SLC6A6 expression in leukaemia cells carrying RAS mutations as compared to wild-type cells. SLC6A6 is also highly expressed in relapsed AML originating from stem/progenitor like cells compared with more committed populations.","10.1038/nm.4311; 10.1016/j.cell.2016.07.031; 10.1038/nrc.2016.7","It is well established that leukemia stem cells (LSCs) are characterized by low reactive oxygen species (ROS) levels and enhanced metabolic adaptability, which contribute to resistance to therapies such as the BCL-2 inhibitor venetoclax. Studies have shown that ROS-low AML cells rely on alternative metabolic pathways, including amino acid transport and oxidative stress buffering, to maintain stemness and survival (doi:10.1038/nm.4311; doi:10.1016/j.cell.2016.07.031). Additionally, oncogenic RAS signaling is known to drive metabolic reprogramming and increase dependency on nutrient transporters to sustain proliferation and survival (doi:10.1038/nrc.2016.7).","The enrichment of SLC6A6 in ROS-low, stem-like, RAS-mutant, and relapsed AML populations suggests that taurine transport via SLC6A6 supports a metabolic program that maintains LSC survival and confers resistance to venetoclax, thereby promoting persistence and therapeutic relapse in AML."
"To determine whether small-molecule inhibitors of TAUT can effectively block leukaemia growth,","10.1016/j.cell.2013.05.046; 10.1124/pr.58.2.5","Small-molecule inhibition of solute carrier transporters is a well-established strategy to modulate cancer cell metabolism and growth, as many tumours rely on nutrient uptake for survival and proliferation. For example, pharmacological inhibition of amino acid transporters such as SLC1A5 has been shown to suppress tumour growth by limiting metabolic substrates (DOI: 10.1016/j.cell.2013.05.046). Taurine transporter (TAUT, encoded by SLC6A6) is a member of the SLC6 family, and prior studies have demonstrated that transporter inhibition can be achieved using competitive small molecules, enabling functional interrogation of their role in disease contexts (DOI: 10.1124/pr.58.2.5). Therefore, testing TAUT inhibitors in leukaemia models is a feasible approach to evaluate whether blocking taurine uptake impairs cancer cell growth.","Treat human AML and bcCML cell lines and primary leukaemia samples with a specific small-molecule TAUT inhibitor in vitro, followed by assessment of cell proliferation and viability using assays such as CellTiter-Glo and flow cytometry for apoptosis; additionally, evaluate the effect of the inhibitor in vivo by administering it to immunocompromised mice engrafted with human leukaemia cells and measuring tumour burden and survival."
"Our untargeted metabolomic approach identified 13C label only in known taurine conjugates, N-acetyl taurine and glutaurine. Membrane-permeable taurine fully rescued colonies formed by Slc6a6−/− cells, and N-acetyl-taurine partly rescued this defect. By contrast, glutaurine was unable to rescue the Slc6a6−/− colony formation.","10.1074/jbc.M111.303321; 10.1016/j.bbamem.2004.02.007","It is well established that taurine uptake via the taurine transporter (SLC6A6/TAUT) is critical for maintaining intracellular taurine levels, which support cell survival, osmoregulation, and metabolic fitness. Studies have shown that intracellular taurine availability, rather than its downstream metabolites, is essential for cytoprotective and proliferative effects, and that only metabolites capable of regenerating free taurine or mimicking its biochemical functions can compensate for transporter loss.","This indicates that intracellular taurine itself is the key functional metabolite required for leukemic colony formation, and that only derivatives capable of replenishing or functionally substituting taurine can rescue growth defects, whereas non-functional conjugates like glutaurine cannot, highlighting a specific metabolic dependency on taurine availability downstream of SLC6A6."
"mTOR signalling has a key role downstream of taurine in leukaemia cells.","10.1016/j.cell.2012.03.035; 10.1038/nrm3025; 10.1074/jbc.M111.303123","mTOR signalling is a central metabolic hub that integrates nutrient availability, amino acid transport, and cellular energy status, and can be activated by multiple upstream inputs including PI3K/AKT signalling, glutamine metabolism, and oxidative stress pathways independent of taurine transport. Additionally, taurine has been reported to modulate mitochondrial function and redox balance, which can indirectly influence mTOR activity rather than acting as a direct upstream activator (DOI: 10.1016/j.cell.2012.03.035; DOI: 10.1038/nrm3025; DOI: 10.1074/jbc.M111.303123).","does taurine-driven activation of mTOR signalling in leukaemia cells persist when canonical upstream regulators such as PI3K/AKT signalling or mitochondrial redox balance are experimentally inhibited, thereby confirming a direct versus indirect mechanism of mTOR activation?"
"we observed that cfRNA is highly fragmented and does not contain detectable 18S and 28S rRNA peaks","10.1373/clinchem.2004.045906; 10.1038/nm.3989","It is well established that intact cellular RNA typically displays prominent 18S and 28S ribosomal RNA peaks when analyzed by electrophoresis, reflecting high RNA integrity. In contrast, cell-free RNA (cfRNA) in circulation is subject to extracellular RNase activity and apoptotic or necrotic processing, leading to extensive fragmentation and loss of these ribosomal peaks, a hallmark of degraded RNA populations in plasma. This phenomenon has been consistently reported in studies characterizing circulating nucleic acids.","Therefore, this suggests that circulating cfRNA predominantly exists as degraded fragments derived from cellular turnover processes, reinforcing the need for specialized, highly sensitive methods (such as RARE-seq) to detect and analyze rare, biologically informative transcripts like ctRNA in plasma."
"A germline deletion involving APOBEC3A and APOBEC3B (APOBEC3A/B), which effectively generates APOBEC3A–APOBEC3B fusion transcripts, was not substantially enriched in patients with breast cancer compared with the background Korean population (51.0%, 844 out of 1,654 individuals, with 150 being homozygous and 694 heterozygous; P = 0.276 by two-sided chi-square test).","10.1038/ng.2736; 10.1038/ng.2959","Previous studies have shown that the APOBEC3A/B germline deletion polymorphism is relatively common in East Asian populations and has been associated with increased APOBEC-mediated mutagenesis and modest breast cancer risk in some cohorts, although its effect size varies across populations. It is well established that APOBEC3A activity contributes to characteristic mutational signatures in cancer genomes, but the presence of the deletion itself does not universally correlate with increased cancer incidence (doi:10.1038/ng.2736; doi:10.1038/ng.2959).","Therefore, this suggests that while the APOBEC3A/B deletion may influence mutational processes within tumors, it is not a strong independent risk factor for breast cancer susceptibility in this Korean cohort, indicating that additional genetic, environmental, or regulatory factors are required to drive tumor initiation despite the presence of this polymorphism."
"To determine the structural variation landscape,","10.1038/nature17676, 10.1038/nature19057","Whole-genome sequencing (WGS) is an established method for comprehensively detecting structural variations (SVs), including deletions, duplications, inversions, and translocations, across the entire genome. Unlike targeted or exome sequencing, WGS enables unbiased identification of large-scale genomic rearrangements and complex SV patterns. Previous cancer genome studies have demonstrated that integrative analysis of paired-end sequencing reads and split-read alignments allows accurate reconstruction of SV landscapes and breakpoint resolution in tumors.","Perform high-coverage paired-end whole-genome sequencing on tumor and matched normal samples, followed by computational SV detection using algorithms such as DELLY or Manta to identify and characterize structural variations."
"Another frequent interchromosomal translocation involved the ERBB2 locus on chromosome 17 and a locus on chromosome 20 (observed in 30 participants). Structural variations involving the ERBB2 locus were clustered with super-enhancers genome-wide (P = 0.028), translocating super-enhancers to within ~90 kb of ERBB2. Tumours with extragenic structural variants within 1 Mb showed significantly higher ERBB2 expression than expected from copy number alone (log2 fold change >1), with these variants present at high cancer cell fraction and distal breakpoints enriched near breast cancer-specific super-enhancers.","10.1038/nature13379; 10.1038/nature14636","It is well established that structural variations can activate oncogenes through 'enhancer hijacking,' where super-enhancers are repositioned near proto-oncogenes, leading to their aberrant overexpression independent of gene amplification. This mechanism has been described in multiple cancers, including MYC activation in medulloblastoma and TERT activation in gliomas, where distal regulatory elements drive oncogenic transcription when brought into proximity by chromosomal rearrangements.","These observations indicate that ERBB2 overexpression in this subset of breast cancers is driven not only by gene amplification but also by enhancer hijacking via structural rearrangements, representing an alternative regulatory mechanism of oncogene activation that likely contributes to tumor progression and may influence therapeutic response."
"Out of 75 individuals with HER2-positive tumours who received neoadjuvant TCHP regimens, 38 showed pathologic complete response (pCR). Cases with pCR exhibited significantly higher ERBB2 expression and a greater frequency of ERBB2 focal amplification. Tumours with ERBB2 copy number ≥33 were more likely to be ecDNA-positive; however, ERBB2 amplification by ecDNA was not associated with pCR rates.","10.1200/JCO.2001.19.1.19; 10.1056/NEJMoa0910383; 10.1038/nature09566; 10.1038/s41586-019-1763-5","It is well established that ERBB2 (HER2) amplification and overexpression are predictive biomarkers for response to HER2-targeted therapies such as trastuzumab and pertuzumab, as these therapies directly inhibit HER2-driven signaling (doi:10.1200/JCO.2001.19.1.19; doi:10.1056/NEJMoa0910383). Additionally, extrachromosomal DNA (ecDNA)-mediated oncogene amplification is known to drive high gene copy numbers and intratumoral heterogeneity but does not necessarily confer uniform therapeutic sensitivity due to dynamic regulation and uneven segregation during cell division (doi:10.1038/nature09566; doi:10.1038/s41586-019-1763-5).","These findings suggest that while higher ERBB2 expression and focal amplification enhance sensitivity to HER2-targeted neoadjuvant therapy and increase the likelihood of achieving pCR, ERBB2 amplification driven by ecDNA may introduce genomic heterogeneity that decouples high copy number from consistent therapeutic response, thereby limiting its predictive value for treatment efficacy."
"The timing analysis with the burden of co-amplified, pre-amplification somatic base substitutions yielded the acquisition timing of the frequent long-segmental CNAs in breast cancer in molecular time49 (Extended Data Fig. 10). Most of the recurrent long-segmental CNAs were acquired by 20% of molecular time, when recent common ancestral cells of a cancer emerge, which should be decades earlier than tumour diagnosis.","10.1056/NEJMoa1600191; 10.1038/nature12981","It is well established that copy number alterations (CNAs), particularly large-scale chromosomal gains and losses, are often early driver events in tumorigenesis and can occur long before clinical detection. Molecular clock analyses using somatic mutation accumulation have shown that key genomic alterations in cancers such as breast and colorectal cancer can arise years to decades prior to diagnosis, reflecting early clonal expansions (DOI: 10.1056/NEJMoa1600191; DOI: 10.1038/nature12981).","This suggests that recurrent long-segmental CNAs in breast cancer are early initiating events that occur during the initial clonal expansion phase, long before clinical manifestation, and may play a foundational role in establishing the genomic architecture that drives subsequent tumor evolution."
