main_content,gpt_references,gpt_context,gpt_outcome
"We analysed the genomic distribution of SVs and found it to be highly uneven, with significant enrichment in subtelomeric regions (two-sided Fisher exact test, P = 1.1 × 10−309). Although SNPs and indels are also enriched in these regions, the enrichment is much stronger for SVs. We identified 46 SV hotspots, including many translocation hotspots in subtelomeric regions, and observed that hotspots for PAVs, CNVs, and inversions often map to transposable element-rich or repeat-rich regions.",10.1038/nrg3245; 10.1534/genetics.112.145243; 10.1038/nature04796,"Subtelomeric regions are well established as highly dynamic genomic compartments characterized by elevated recombination rates, enrichment of repetitive elements such as transposable elements (TEs), and frequent structural rearrangements. These regions are prone to non-allelic homologous recombination and double-strand break repair events, which preferentially generate structural variants such as duplications, inversions, and translocations. Previous studies in yeast and other eukaryotes have consistently shown that subtelomeres act as hotspots of genome plasticity and adaptive variation, with SVs occurring more frequently than SNPs due to repeat-mediated mechanisms (e.g., doi:10.1038/nrg3245; doi:10.1534/genetics.112.145243; doi:10.1038/nature04796).","Therefore, this suggests that subtelomeric and repeat-rich regions serve as primary drivers of structural genome evolution, where TE-mediated recombination and sequence redundancy promote the formation of SV hotspots, ultimately contributing disproportionately to phenotypic diversity and rapid adaptation compared to smaller-scale variants like SNPs."
To generate datasets necessary to train a machine learning model to link protein sequence to function (PAM specificity),10.1038/nmeth.3027; 10.1126/science.aao0027; 10.1038/nbt.4064,"High-throughput mutagenesis combined with functional screening has been widely used to map sequence–function relationships in proteins. Deep mutational scanning (DMS) enables systematic variation of amino acid residues and quantitative measurement of functional outputs, generating large-scale datasets suitable for machine learning. Previous studies have successfully applied DMS to CRISPR–Cas systems to characterize PAM specificity and activity landscapes, demonstrating that coupling variant libraries with selection or screening assays can produce rich genotype–phenotype datasets for model training.","Construct a comprehensive library of SpCas9 PAM-interacting domain variants via saturation mutagenesis, express the variants in a bacterial or mammalian selection system with a randomized PAM library, and perform high-throughput sequencing (NGS) to quantify PAM preferences and editing activity for each variant."
"Interface melanoma cells downregulated MITF and SOX10 while upregulating SOX9 and neuronal development genes (e.g., SOX11, NNAT, NEUROD1, NEFM), with enrichment of transcriptional programs linked to cell fate specification and neuronal development.",10.1016/j.cell.2018.02.034; 10.1038/nature22796; 10.1038/nature15725,"It is well established that MITF and SOX10 are key regulators of the melanocytic lineage and their downregulation is associated with a dedifferentiated, invasive melanoma state characterized by neural crest-like or mesenchymal features. Prior studies have shown that low MITF expression correlates with increased invasiveness and therapy resistance, while upregulation of SOX9 and neural crest/neuronal genes reflects a shift toward a stem-like, lineage-plastic phenotype reminiscent of neural crest progenitors. This transcriptional reprogramming is consistent with melanoma cells reacquiring developmental programs linked to neural crest identity and migration.","Therefore, this suggests that mechanically confined interface melanoma cells undergo lineage dedifferentiation and adopt a neural crest-like invasive phenotype, indicating that microenvironmental cues drive transcriptional reprogramming toward a more plastic, migratory, and potentially therapy-resistant state."
Tumour cells invading into the TME showed elongated nuclei compared with the bulk tumour mass.,10.1038/nrm.2017.78; 10.1016/j.jbiomech.2011.01.023,"It is well established that nuclear morphology is highly sensitive to mechanical forces from the microenvironment, and elongated or deformed nuclei are a hallmark of cells undergoing migration through confined spaces. Such deformation is linked to cytoskeletal tension, chromatin reorganization, and activation of mechanotransduction pathways that promote invasive behavior. Studies have shown that nuclear stretching during confinement can directly alter chromatin accessibility and gene expression associated with cell migration and invasion.","Therefore, the presence of elongated nuclei in invading tumour cells suggests that mechanical confinement within the tumour microenvironment is actively inducing nuclear deformation, which in turn drives chromatin remodeling and promotes a transition toward an invasive melanoma cell phenotype."
"we hypothesized that mechanical forces exerted on the cell/nucleus may cause stable changes in gene expression and tumour cell behaviour. To test this hypothesis,",10.1038/nrm2594; 10.1038/s41563-018-0120-6,"Mechanical forces from the microenvironment are known to influence cell behavior through mechanotransduction pathways, where physical cues are converted into biochemical signals that regulate gene expression. It is well established that nuclear deformation can directly alter chromatin organization and accessibility, thereby modulating transcriptional programs. For example, studies have shown that confined migration or compression of the nucleus leads to persistent changes in chromatin state and gene expression profiles. These principles support the idea that mechanical confinement could drive stable phenotypic transitions in cancer cells. ","Subject melanoma cells to defined mechanical confinement using microfluidic devices or 3D collagen matrices of varying stiffness, followed by ATAC-seq and RNA-seq to assess changes in chromatin accessibility and gene expression associated with invasive versus proliferative states."
"Mechanical confinement in the tumor microenvironment induces chromatin remodeling that drives melanoma cells from a proliferative to an invasive, neuron-like identity.",10.1016/j.cell.2015.06.044; 10.1038/nrc.2016.66; 10.1038/s41586-019-1397-7,"It is well established that melanoma phenotypic plasticity is strongly influenced by transcription factors such as MITF and AXL, as well as microenvironmental cues including hypoxia and inflammatory signaling, which can independently drive dedifferentiation and neural crest-like states. Additionally, mechanotransduction pathways (e.g., YAP/TAZ signaling) are known to regulate chromatin accessibility and cell fate decisions in response to physical forces, but these pathways often intersect with biochemical signaling networks, making it difficult to isolate purely mechanical effects from other microenvironmental influences.","To what extent does mechanical confinement alone, independent of hypoxic or inflammatory signaling, drive the neuronal-like phenotypic transition in melanoma cells, and is this process mediated specifically through YAP/TAZ-dependent chromatin remodeling pathways?"
"Confinement extensively remodelled the MT cytoskeleton; within 2–4 h, curved MTs began encircling the cell and nuclear periphery...We also observed loss of a central MT organizing centre with radial MTs.",10.1038/nrm.2016.110; 10.1038/s41556-018-0109-9,"It is well established that microtubule (MT) organization is highly sensitive to mechanical cues from the microenvironment, and that loss of a centralized microtubule-organizing center (MTOC) with redistribution of MTs to the cell cortex is associated with increased cell polarity, nuclear deformation, and invasive behavior. Mechanical confinement has been shown to reorganize the cytoskeleton and alter nucleo-cytoskeletal coupling, promoting changes in chromatin organization and gene expression linked to metastatic phenotypes.","Therefore, this suggests that mechanical confinement drives a reorganization of the microtubule network that disrupts normal centrosomal control and enhances peripheral MT stabilization, facilitating nuclear remodeling and promoting a transition of melanoma cells toward an invasive, mechanically adaptive phenotype."
These results indicate that confined melanoma cells rapidly undergo structural changes in the MT cytoskeleton resembling neurons.,10.1038/nrm2592; 10.1016/j.cell.2013.01.052,"Mechanical cues from the microenvironment are known to regulate cytoskeletal organization through mechanotransduction pathways. In particular, microtubules (MTs) dynamically reorganize in response to physical constraints, contributing to changes in cell polarity and morphology. Studies have shown that confined migration induces MT stabilization and alignment similar to that observed in neurite outgrowth, where microtubules form elongated, polarized structures to support directional movement and invasive behavior. This principle has been observed in both cancer cells and neuronal systems, where mechanical stress promotes cytoskeletal remodeling and phenotypic transitions associated with invasiveness and differentiation.","Perform immunofluorescence staining of α-tubulin and acetylated tubulin in melanoma cells cultured under confined versus unconfined conditions, followed by high-resolution confocal microscopy to quantify microtubule organization, alignment, and stabilization patterns indicative of neuron-like morphology."
"We noticed that in confined cells, the hyperacetylated tubulin network was often perinuclear.",10.1038/ncb3481; 10.1016/j.devcel.2016.01.020,"It is well established that acetylation of α-tubulin is associated with stabilized microtubules that resist mechanical stress and reorganize in response to physical constraints. Under conditions of cellular confinement or increased mechanical load, microtubules often redistribute դեպի the perinuclear region to reinforce nuclear positioning and integrity, a process linked to mechanotransduction and cytoskeletal adaptation. Such perinuclear microtubule accumulation has also been associated with altered nuclear mechanics and chromatin organization, facilitating invasive phenotypes in cancer cells (doi:10.1038/ncb3481; doi:10.1016/j.devcel.2016.01.020).","Therefore, this suggests that mechanical confinement induces cytoskeletal stabilization and reorganization around the nucleus, promoting mechanotransductive signaling that alters nuclear architecture and supports a transition toward an invasive melanoma cell state."
"Most microtubules (MTs) in both confined and unconfined A375 melanoma cells were highly tyrosinated, with confined perinuclear MTs only occasionally tyrosinated and rarely detyrosinated. There was no specific enrichment of these post-translational modifications (PTMs) in the perinuclear MT network, unlike acetylated MTs. Similarly, polyglutamylated MTs showed no enrichment, and polyglycylated MTs were absent in both conditions.",10.1038/s41580-020-0216-9; 10.1016/j.devcel.2015.03.001,"It is well established that microtubule post-translational modifications (PTMs) such as tyrosination/detyrosination, acetylation, and polyglutamylation define distinct functional subsets of microtubules. Tyrosinated MTs are typically associated with dynamic, rapidly remodeling cytoskeletal structures, whereas detyrosinated and acetylated MTs mark more stable, long-lived microtubules involved in structural support and intracellular trafficking. Enrichment of specific PTMs in subcellular regions reflects functional specialization of MT networks, with acetylation often linked to mechanical stability under stress conditions (Janke & Magiera, 2020, DOI: 10.1038/s41580-020-0216-9; Kerr et al., 2015, DOI: 10.1016/j.devcel.2015.03.001).","The lack of enrichment of tyrosination, detyrosination, and polyglutamylation in the perinuclear microtubule network, contrasted with the specific accumulation of acetylated MTs, indicates that mechanical confinement selectively promotes the stabilization—not dynamic remodeling—of microtubules in this რეგიონ. This suggests that melanoma cells under confinement reorganize their cytoskeleton to favor mechanically resilient, long-lived MT structures around the nucleus, contributing to altered nuclear mechanics and facilitating the transition toward an invasive phenotype."
to determine whether the acetylated tubulin network influences HMGB2 upregulation.,10.1038/ncb3063; 10.1038/35013018,"Acetylation of α-tubulin, primarily mediated by ATAT1 and reversed by HDAC6, is a well-established marker of stable microtubules and has been implicated in mechanotransduction and intracellular signaling pathways that influence gene expression. Studies have shown that microtubule acetylation can regulate nuclear architecture and mechanosensitive transcriptional responses (e.g., through cytoskeletal–nuclear coupling). HMGB2 is a chromatin-associated protein known to modulate transcription by altering chromatin accessibility and has been reported to respond to environmental and mechanical cues that affect chromatin state. Therefore, given that cytoskeletal organization can influence chromatin remodeling and transcriptional programs, it is plausible that the acetylated tubulin network contributes to HMGB2 upregulation under mechanical confinement conditions.","Pharmacologically manipulate tubulin acetylation levels in melanoma cells using an HDAC6 inhibitor (e.g., tubacin) or ATAT1 knockdown via siRNA, followed by quantification of HMGB2 expression using qRT-PCR and Western blotting, and visualization of HMGB2 localization by immunofluorescence microscopy."
To stabilize MTs independent of acetylation,10.1126/science.1157965; 10.1016/j.cell.2005.10.024,"Microtubule (MT) stability can be pharmacologically modulated independent of post-translational modifications such as acetylation. Taxanes, including paclitaxel, are well-established microtubule-stabilizing agents that bind β-tubulin and promote polymerization while inhibiting depolymerization, thereby stabilizing MTs regardless of their acetylation status. This principle has been widely used to dissect the functional consequences of MT stability versus acetylation-dependent effects in cell biology. Studies have demonstrated that paclitaxel-induced stabilization occurs even when acetylation is experimentally altered, indicating that structural stabilization can be uncoupled from acetylation-mediated regulation.","Treat melanoma cells with paclitaxel (Taxol) at nanomolar concentrations to stabilize microtubules independently of acetylation, followed by immunofluorescence staining for α-tubulin and acetylated tubulin to confirm stabilization without reliance on acetylation levels."
Homer de novo motif analysis identified conserved transcription factor binding motifs enriched within the promoter of open chromatin regions upon HMGB2 overexpression (HMGB2OE). The top-ranked motif was an AP-1 motif (P = 1 × 10−49). Other highly ranked motifs included PRDM4 (P = 1 × 10−12) and SOX9 (P = 1 × 10−11).,10.1038/nature15545; 10.1016/j.ccell.2018.08.007; 10.1038/s41586-019-1520-9,"It is well established that increased chromatin accessibility at promoter regions enriched for specific transcription factor motifs reflects activation of corresponding transcriptional programs. In particular, AP-1 (Activator Protein-1) is a key regulator of invasive and stress-responsive gene expression programs in melanoma and other cancers, often associated with phenotype switching toward a mesenchymal-like, invasive state. Similarly, SOX9 has been implicated in neural crest-like dedifferentiation and melanoma invasiveness, while PRDM family members are known to regulate chromatin remodeling and cell state transitions. Enrichment of these motifs in open chromatin regions is therefore consistent with activation of transcriptional networks driving cellular plasticity and invasion.","Therefore, this suggests that HMGB2 overexpression promotes chromatin remodeling that facilitates binding of AP-1, SOX9, and PRDM-associated transcriptional regulators, driving a transcriptional reprogramming toward an invasive, dedifferentiated melanoma cell state."
To clarify potential HMGB2 targets,10.1038/nmeth.1311; 10.1016/j.jmb.2010.01.024,"HMGB2 is a non-histone chromatin-binding protein known to regulate transcription by altering DNA architecture and facilitating transcription factor access. Genome-wide mapping of DNA–protein interactions using chromatin immunoprecipitation followed by sequencing (ChIP-seq) is an established method to identify binding sites of chromatin-associated proteins, including HMGB family members. Previous studies have demonstrated that HMGB proteins associate with regulatory regions such as promoters and enhancers to modulate gene expression, and ChIP-seq has been widely used to define such targets at high resolution.",Perform chromatin immunoprecipitation followed by high-throughput sequencing (ChIP-seq) using an HMGB2-specific antibody in melanoma cells under confined and unconfined conditions to identify genome-wide HMGB2 binding sites and target genes.
"HMGB2 robustly bound the promoter of Notch signalling genes in both A375 and SKMEL5 cells, and Notch family genes were upregulated in interface and mechanically confined human melanoma cells.",10.1016/j.ccell.2015.10.002; 10.1038/nrc.2016.65; 10.1073/pnas.1510406112,"HMGB2 is a chromatin-associated architectural protein known to regulate transcription by altering chromatin accessibility and facilitating transcription factor binding at target gene promoters. It has been shown that HMGB proteins can promote activation of developmental signaling pathways, including Notch, which is a key regulator of cell fate decisions, stemness, and invasive behavior in cancer. Furthermore, activation of Notch signaling is well established to drive melanoma phenotype switching toward a more invasive and therapy-resistant state. These findings are consistent with prior studies demonstrating that chromatin remodeling and Notch pathway activation are tightly linked in cancer progression.","Therefore, the binding of HMGB2 to Notch gene promoters under mechanical confinement suggests that chromatin remodeling directly activates Notch signaling, driving a transcriptional reprogramming that promotes melanoma cell transition from a proliferative to an invasive phenotype."
"Confined A375 cells downregulated many proliferation-related pathways. To visualize the influence of confinement on this trade-off,",10.1038/nature22794; 10.1016/j.cell.2015.10.044; 10.1038/s41586-018-0418-9,"Mechanical cues from the microenvironment, such as confinement and matrix stiffness, are known to regulate cancer cell phenotypic plasticity by modulating cytoskeletal organization, nuclear deformation, and chromatin accessibility. Previous studies have demonstrated that physical confinement can induce a switch from proliferative to invasive phenotypes in melanoma and other cancers, often accompanied by transcriptional reprogramming and changes in signaling pathways such as YAP/TAZ and MAPK. Dimensionality reduction techniques like principal component analysis (PCA) and uniform manifold approximation and projection (UMAP) are widely used to visualize high-dimensional transcriptomic data and reveal trade-offs between cellular states such as proliferation and invasion. These approaches have been successfully applied to melanoma to map phenotype switching along continuous axes of gene expression variation.","Perform RNA-seq on confined versus unconfined A375 cells followed by dimensionality reduction analysis (e.g., PCA or UMAP) and plot cells along proliferation and invasion gene signature axes to visualize the trade-off induced by mechanical confinement."
"Unconfined cells rapidly displayed fragmented nuclear morphology and underwent apoptosis, whereas confined cells were almost completely resistant to Taxol-induced cell death.",10.1038/nrm2312; 10.1016/j.cell.2016.05.040,"It is well established that nuclear fragmentation is a hallmark of apoptosis, often associated with cytoskeletal disruption and mitotic stress induced by chemotherapeutic agents such as Taxol (paclitaxel), which stabilizes microtubules and triggers cell death pathways (DOI: 10.1038/nrm2312). Additionally, mechanical confinement has been shown to alter chromatin organization and mechanotransduction pathways, promoting survival signaling and drug resistance in cancer cells through nuclear deformation and reduced mitotic stress (DOI: 10.1016/j.cell.2016.05.040).","Therefore, this suggests that mechanical confinement protects melanoma cells from Taxol-induced apoptosis by modulating nuclear integrity and mechanotransductive signaling, enabling a shift toward a drug-resistant, invasive phenotype."
To define temporal changes in non-immune bone marrow micro-environment populations during myeloid leukaemia progression,10.1038/s41586-019-1104-8; 10.1016/j.cell.2019.08.007,"Single-cell RNA sequencing (scRNA-seq) is an established method for resolving cellular heterogeneity and tracking dynamic changes in tissue composition over time. Prior studies have successfully applied scRNA-seq to map bone marrow stromal and niche populations, revealing distinct mesenchymal and endothelial subsets and their transcriptional shifts under physiological and pathological conditions. Longitudinal scRNA-seq analyses enable reconstruction of temporal trajectories and identification of population-specific responses during disease progression, making it a suitable approach to study evolving non-immune microenvironmental compartments in leukemia. For example, scRNA-seq has been used to characterize bone marrow niche remodeling and stromal cell heterogeneity in hematopoiesis and malignancy.","Perform longitudinal single-cell RNA sequencing (scRNA-seq) on sorted non-immune (CD45−) bone marrow cells collected at multiple defined stages of myeloid leukemia progression, followed by computational clustering and trajectory analysis to identify temporal changes in stromal and niche cell populations."
to identify ligands for these receptors,10.1038/ncomms7866; 10.1038/s41586-018-0698-6,"Systematic identification of ligand–receptor interactions can be achieved by integrating curated ligand–receptor pair databases with single-cell transcriptomic datasets to infer cell–cell communication networks. Prior studies have established that mapping receptor expression in target cells with ligand expression in surrounding niche populations enables prediction of biologically relevant signaling axes. For example, Ramilowski et al. compiled a comprehensive ligand–receptor interaction resource to infer intercellular signaling, and Vento-Tormo et al. demonstrated how single-cell RNA-seq can reconstruct cell–cell communication networks in complex tissues by pairing ligands and receptors across cell types.","Perform computational ligand–receptor pairing by integrating scRNA-seq expression profiles of tumour microenvironment cells with curated ligand–receptor databases, followed by experimental validation using recombinant ligand binding assays or flow cytometry-based ligand–receptor interaction assays."
"Consistent with a functional role of taurine from the TME in leukaemia progression, taurine levels were 1.7-fold higher in leukaemic bone marrow interstitial fluid as compared to the controls (Fig. 2j).",10.1038/nature24071; 10.1016/j.cell.2017.01.031; 10.1158/0008-5472.CAN-12-3223,"It is well established that metabolites enriched in the tumour microenvironment can act as signaling molecules that reprogram cancer cell metabolism and promote tumor progression; specifically, elevated extracellular metabolites such as amino acids can enhance glycolytic flux and support proliferation of cancer stem cells. Prior studies have shown that microenvironment-derived metabolites (e.g., glutamine, asparagine) sustain leukemic cell growth and metabolic rewiring (DOI: 10.1038/nature24071; DOI: 10.1016/j.cell.2017.01.031). Additionally, taurine transport via SLC6A6 has been linked to enhanced cell survival and metabolic adaptation under stress conditions in cancer cells (DOI: 10.1158/0008-5472.CAN-12-3223).","Therefore, the elevated taurine concentration in the leukaemic bone marrow niche suggests that taurine functions as a microenvironment-derived metabolic regulator that promotes leukemic cell survival and proliferation, likely by enhancing glycolytic activity and supporting leukaemogenesis."
"These results suggest that, while TAUT loss does not impair steady-state haematopoiesis, it can impact long-term HSC self-renewal and maintenance.",10.1038/nm.1869; 10.1016/j.cell.2012.10.048,"It is well established that hematopoietic stem cell (HSC) self-renewal and long-term maintenance are highly dependent on metabolic regulation and niche-derived signals, even when short-term steady-state hematopoiesis appears unaffected. Studies have shown that alterations in nutrient transporters or metabolic pathways can selectively impair HSC self-renewal without disrupting immediate blood cell production, highlighting a distinction between progenitor function and true stem cell maintenance (e.g., DOI: 10.1038/nm.1869; DOI: 10.1016/j.cell.2012.10.048).","Therefore, this suggests that taurine uptake via TAUT is a critical metabolic dependency for sustaining long-term HSC self-renewal capacity, and its loss selectively compromises stem cell maintenance while leaving short-term hematopoietic output largely intact."
"SLC6A6 expression is enriched in leukaemia stem/progenitors compared to mature blasts, correlates with venetoclax resistance, is higher in ROS-low LSCs, enriched in RAS-mutant cells, and elevated in relapsed AML derived from stem/progenitor-like populations.",10.1016/j.cell.2018.10.049; 10.1038/nm.4005,"It is well established that leukaemia stem cells (LSCs) exhibiting low reactive oxygen species (ROS) levels and enhanced metabolic adaptability are more resistant to chemotherapy, including BCL-2 inhibition by venetoclax, and are responsible for relapse. Furthermore, transporter-mediated uptake of metabolites can sustain metabolic programs such as glycolysis and redox balance that support stemness and drug resistance. Studies have shown that ROS-low AML stem cells are selectively resistant to venetoclax and rely on distinct metabolic pathways (e.g., DOI: 10.1016/j.cell.2018.10.049), and that metabolic reprogramming downstream of oncogenic RAS enhances nutrient uptake and glycolytic flux to sustain leukemogenesis (e.g., DOI: 10.1038/nm.4005).","Therefore, the enrichment of SLC6A6 in ROS-low, stem-like, RAS-mutant, and relapsed AML populations suggests that taurine uptake via TAUT supports a metabolic program that maintains redox homeostasis and enhances glycolytic or survival pathways, thereby promoting LSC persistence and resistance to venetoclax-driven apoptosis."
"To determine whether small-molecule inhibitors of TAUT can effectively block leukaemia growth,",10.1126/science.1160809; 10.1074/jbc.M110.188748,"The taurine transporter TAUT (encoded by SLC6A6) is a membrane protein responsible for taurine uptake, and its activity has been shown to regulate intracellular osmolyte balance and cellular metabolism. Prior studies demonstrate that inhibition of solute carrier transporters with small molecules can disrupt metabolic dependencies in cancer cells, particularly those կապված to glycolysis and survival pathways. Additionally, cancer cells frequently rely on metabolic reprogramming, such as enhanced glycolysis (the Warburg effect), to sustain proliferation, and disrupting metabolite uptake can impair tumor growth. Pharmacological inhibition of transporters has been successfully used to assess therapeutic vulnerabilities in leukemia and other cancers.","Treat human AML and bcCML cell lines, as well as primary leukaemia stem cells, with specific small-molecule inhibitors of TAUT, followed by assessment of cell proliferation, apoptosis (via Annexin V/PI staining), and glycolytic activity (using Seahorse extracellular flux analysis), and validate effects in vivo using xenograft mouse models treated with the inhibitor."
"Membrane-permeable taurine fully rescued colonies formed by Slc6a6−/− cells, and N-acetyl-taurine partly rescued this defect, whereas glutaurine was unable to rescue colony formation.","10.1126/science.1160809, 10.1074/jbc.M110.200345","It is well established that taurine uptake via the SLC6A6 (TAUT) transporter is critical for maintaining intracellular taurine pools, which support cellular metabolism and survival pathways. Taurine has been shown to regulate mitochondrial function and glycolytic flux, processes essential for rapidly proliferating cancer cells. Moreover, metabolic rewiring toward glycolysis (the Warburg effect) is a hallmark of cancer cell proliferation and leukemic stem cell maintenance. Functional rescue by membrane-permeable metabolites indicates that intracellular availability—not merely extracellular presence—of specific metabolites is required for their biological activity, and that structurally modified derivatives may have differential capacity to enter metabolic pathways or restore function. Partial rescue by N-acetyl-taurine suggests limited metabolic compatibility, while failure of glutaurine implies it cannot substitute in taurine-dependent pathways. (DOI: 10.1126/science.1160809, 10.1074/jbc.M110.200345)","Therefore, this suggests that intracellular taurine is specifically required to sustain metabolic programs—likely glycolysis and associated bioenergetic processes—that drive leukemic cell proliferation, and that only bioavailable forms capable of restoring intracellular taurine pools can support leukaemogenesis."
Taurine derived from the tumour microenvironment enhances glycolysis and promotes leukaemogenesis via activation of mTOR signalling in leukaemia cells.,10.1016/j.cell.2012.03.017; 10.1038/nrc.2016.70; 10.1016/j.cmet.2016.02.004,"mTOR signalling is a central metabolic regulator that integrates inputs from amino acids, energy status, and growth factors, and is not uniquely specific to taurine; multiple metabolites such as leucine and glutamine can independently activate mTORC1 and drive glycolytic reprogramming in cancer cells. Additionally, mTOR activation can be secondary to upstream PI3K/AKT signalling or cellular stress responses, raising the possibility that taurine-induced effects may be indirect or mediated through broader metabolic shifts rather than a specific ligand–receptor interaction. Furthermore, hyperactivation of mTOR can trigger feedback inhibition and alter autophagy, which may influence leukaemic stem cell survival in complex ways.","Does taurine directly activate mTOR signalling in leukaemia stem cells through TAUT-dependent intracellular sensing, or are the observed increases in glycolysis and leukaemogenesis mediated indirectly via alternative nutrient-sensing pathways (e.g., PI3K/AKT or amino acid signalling), and how does selective inhibition of taurine uptake affect these parallel pathways and potential compensatory metabolic mechanisms?"
cfRNA is highly fragmented and does not contain detectable 18S and 28S rRNA peaks,10.1373/clinchem.2009.132233; 10.1038/s41587-020-0520-6,"It is well established that extracellular RNA in plasma is predominantly present as short, fragmented molecules due to degradation by circulating RNases and protection within vesicles or protein complexes. Unlike intact cellular RNA, plasma cfRNA lacks prominent ribosomal RNA peaks (18S and 28S), which are hallmarks of high-quality intracellular RNA, because ribosomal RNA is rapidly degraded or selectively excluded from stable circulating RNA populations. This fragmentation pattern has been consistently reported in prior studies of plasma RNA profiling.","Therefore, this suggests that cfRNA in circulation exists primarily as degraded or selectively protected fragments rather than intact transcripts, necessitating specialized, ultrasensitive detection methods to reliably capture rare tumour-derived RNA signals."
"A germline deletion involving APOBEC3A and APOBEC3B (APOBEC3A/B), which effectively generates APOBEC3A–APOBEC3B fusion transcripts, was not substantially enriched in patients with breast cancer compared with the background Korean population (51.0%, 844 out of 1,654 individuals; P = 0.276).",10.1038/ng.2951; 10.1038/ng.3349,"It is well established that APOBEC3A/B deletion polymorphisms are associated with increased APOBEC-mediated mutagenesis signatures in tumors, but their population frequency varies widely and does not necessarily confer increased cancer incidence risk on its own. Prior studies have shown that while this deletion elevates cytidine deaminase activity and contributes to mutational burden, it is often a common germline variant in certain populations (especially East Asians) without direct enrichment in cancer cohorts, suggesting it acts as a mutational process modifier rather than a primary driver of tumor initiation.","Therefore, this suggests that the APOBEC3A/B germline deletion in this cohort primarily contributes to shaping mutational signatures during tumor evolution rather than increasing susceptibility to breast cancer initiation, indicating its role as a modifier of genomic instability rather than a causal risk factor."
"To determine the structural variation landscape,",10.1038/nature15393; 10.1038/nature17676; 10.1038/nature19057,"Structural variations (SVs), including deletions, duplications, inversions, and translocations, are major contributors to cancer genome architecture and can drive oncogenesis through gene disruption or regulatory alteration. Established genomic studies have demonstrated that whole-genome sequencing (WGS) enables unbiased and high-resolution detection of SVs across the entire genome, unlike targeted or exome sequencing approaches which miss large-scale rearrangements. Computational algorithms such as paired-end mapping and split-read analysis have been widely validated to accurately identify SV breakpoints and complex rearrangements in cancer genomes. Prior large-scale cancer genome projects have successfully used WGS to characterize SV landscapes and mutational signatures across diverse tumor types.",Perform paired-end whole-genome sequencing on tumor and matched normal samples followed by computational structural variant calling using algorithms such as DELLY or Manta to identify and classify genomic rearrangements.
"Another frequent interchromosomal translocation involved the ERBB2 locus on chromosome 17 and a locus on chromosome 20 (observed in 30 participants). Structural variations involving the ERBB2 locus were clustered with super-enhancers genome-wide and translocated super-enhancers in about 90 kb from the ERBB2 locus. Tumours with extragenic structural variants in the vicinity (within 1 Mb) showed significantly higher ERBB2 gene expression levels than their gene copy number. These variants had a cancer cell fraction of approximately 1, and distal breakpoints were enriched near breast cancer-specific super-enhancers.",10.1016/j.cell.2013.03.022; 10.1038/nature13379,"It is well established that structural rearrangements can lead to 'enhancer hijacking', whereby super-enhancers are repositioned near oncogenes, driving their aberrant overexpression independent of copy number amplification. Super-enhancers are large clusters of regulatory elements that strongly activate transcription of genes critical for cell identity and cancer progression. Previous studies have shown that genomic rearrangements bringing super-enhancers into proximity of oncogenes such as MYC or GFI1 can result in oncogenic activation through increased transcriptional output.","The observed translocations near the ERBB2 locus likely induce enhancer hijacking, where relocated super-enhancers drive abnormally high ERBB2 expression independent of gene amplification, thereby contributing to oncogenic activation and tumor progression in this subset of breast cancers."
"Out of 75 individuals with HER2-positive tumours who received neoadjuvant TCHP regimens, 38 showed pathologic complete response (pCR). Cases with pCR exhibited significantly higher ERBB2 expression and a greater frequency of ERBB2 focal amplification. Tumours with very high ERBB2 copy number (≥33) were more likely to be ecDNA-positive; however, ERBB2 amplification via ecDNA was not associated with pCR rates.",10.1200/JCO.2012.46.2923; 10.1038/nature21062; 10.1016/j.cell.2019.06.038,"It is well established that ERBB2 (HER2) amplification and overexpression drive oncogenic signaling in HER2-positive breast cancer and predict sensitivity to HER2-targeted therapies such as trastuzumab and pertuzumab. Multiple studies have shown that higher ERBB2 expression and gene amplification correlate with improved response to anti-HER2 therapies, including higher rates of pathologic complete response in neoadjuvant settings. However, recent evidence indicates that extrachromosomal DNA (ecDNA)-mediated oncogene amplification, while increasing gene copy number, can promote genomic heterogeneity and unstable gene expression, which may decouple amplification from therapeutic dependency. This suggests that not all forms of amplification confer equal therapeutic sensitivity.","The observation suggests that high, chromosomally integrated ERBB2 expression and focal amplification enhance tumor dependency on HER2 signaling, thereby increasing sensitivity to HER2-targeted therapy and likelihood of pCR. In contrast, ERBB2 amplification mediated through ecDNA, despite generating very high copy numbers, may introduce transcriptional variability and reduced oncogene addiction, thereby diminishing its predictive value for treatment response."
"The timing analysis with the burden of co-amplified, pre-amplification somatic base substitutions yielded the acquisition timing of the frequent long-segmental CNAs in breast cancer in molecular time. Most of the recurrent long-segmental CNAs were acquired by 20% of molecular time, when recent common ancestral cells of a cancer emerge, which should be decades earlier than tumour diagnosis.",10.1038/nature12477; 10.1038/s41586-019-1907-7,"It is well established that large-scale copy number alterations (CNAs), such as chromosomal gains and losses, often occur early in tumorigenesis and can precede clonal expansion, acting as initiating or enabling events in cancer evolution. Studies using molecular timing approaches have demonstrated that early genomic instability and CNA acquisition can happen long before clinical detection, reflecting a prolonged preclinical phase of cancer development. For example, analyses of mutational timing in multiple cancers have shown that key chromosomal alterations frequently arise decades prior to diagnosis and are associated with early clonal diversification (DOI: 10.1038/nature12477; DOI: 10.1038/s41586-019-1907-7).","Therefore, this suggests that recurrent long-segmental CNAs represent early, foundational genomic events in breast cancer evolution, arising in ancestral precursor cells long before tumor detection and likely contributing to the initial clonal expansion and establishment of malignant potential."
